<?xml version="1.0" encoding="UTF-8"?>
<od:definitions xmlns:od="http://tk/schema/od" xmlns:odDi="http://tk/schema/odDi" xmlns:dc="http://www.omg.org/spec/DD/20100524/DC">
  <od:odBoard id="Board">
    <od:class name="Defendant" id="Object_1pt2026" attributeValues="" caseClass="true" type="od:Class">
      <od:associations>Association_1lqcfep</od:associations>
    </od:class>
    <od:class name="Sentence" id="Object_15bx9fx" attributeValues="" type="od:Class" />
    <od:association id="Association_1lqcfep" type="od:Association" sourceCardinality="1..1" targetCardinality="0..1&#10;⬨1..1" sourceRef="Object_1pt2026" targetRef="Object_15bx9fx" />
  </od:odBoard>
  <odDi:odRootBoard id="RootBoard">
    <odDi:odPlane id="Plane" boardElement="Board">
      <odDi:association id="Association_1lqcfep_di" boardElement="Association_1lqcfep">
        <odDi:waypoint x="225" y="100" />
        <odDi:waypoint x="380" y="100" />
        <odDi:odSourceLabel>
          <dc:Bounds x="237" y="69" width="25" height="18" />
        </odDi:odSourceLabel>
        <odDi:odTargetLabel>
          <dc:Bounds x="334" y="60" width="38" height="36" />
        </odDi:odTargetLabel>
      </odDi:association>
      <odDi:odShape id="Object_1pt2026_di" boardElement="Object_1pt2026">
        <dc:Bounds x="75" y="55" width="150" height="90" />
      </odDi:odShape>
      <odDi:odShape id="Object_15bx9fx_di" boardElement="Object_15bx9fx">
        <dc:Bounds x="380" y="55" width="150" height="90" />
      </odDi:odShape>
    </odDi:odPlane>
  </odDi:odRootBoard>
</od:definitions>
