<?xml version="1.0" encoding="UTF-8"?>
<olc:definitions xmlns:olc="http://bptlab/schema/olc" xmlns:olcDi="http://bptlab/schema/olcDi">
  <olc:olc name="Defendant" id="Olc_dckkq4a0b99tddbqgssmjn7f7" classRef="Object_1pt2026">
    <olc:state name="not registered" id="State_4a702562t8j60i6h1ayrq7116" type="olc:State" x="100" y="50" />
    <olc:state name="registered" id="State_29dmoo2hs6d61421csw77ga3j" type="olc:State" x="277" y="50" />
    <olc:transition id="Transition_cmjdf149hu3ptmon5haqioah3" sourceState="State_4a702562t8j60i6h1ayrq7116" targetState="State_29dmoo2hs6d61421csw77ga3j" type="olc:Transition" />
    <olc:state name="in hearing" id="State_9ozo2nn2t8go5s3q4wlz8lf7j" type="olc:State" x="427" y="50" />
    <olc:state name="sentenced" id="State_0z6gcspxzvdemhjyicufo478k" type="olc:State" x="589" y="173" />
    <olc:state name="announced" id="State_eb4519y84q9hcrl5gacotluya" type="olc:State" x="585" y="49" />
    <olc:transition id="Transition_8vb7lkf51pnrrrsc51dvybj74" sourceState="State_29dmoo2hs6d61421csw77ga3j" targetState="State_9ozo2nn2t8go5s3q4wlz8lf7j" type="olc:Transition" source="[object Object]" target="[object Object]" waypoints="[object Object],[object Object]" />
    <olc:transition id="Transition_2ul89siglxkfsumhreh6aqllr" sourceState="State_9ozo2nn2t8go5s3q4wlz8lf7j" targetState="State_0z6gcspxzvdemhjyicufo478k" type="olc:Transition" source="[object Object]" target="[object Object]" waypoints="[object Object],[object Object]" />
    <olc:transition id="Transition_d8y8b8gzzjhp6fwuo0v9hmg60" sourceState="State_9ozo2nn2t8go5s3q4wlz8lf7j" targetState="State_eb4519y84q9hcrl5gacotluya" type="olc:Transition" source="[object Object]" target="[object Object]" waypoints="[object Object],[object Object]" />
  </olc:olc>
  <olc:olc name="Sentence" id="Olc_exq3filgcowwziev88rdn8m4w" classRef="Object_15bx9fx">
    <olc:state name="announced" id="State_01em47zoyyt59xuva14ofr41v" type="olc:State" x="100" y="50" />
  </olc:olc>
</olc:definitions>
